Atom id,Atom,x,y,z
a1,C,-0.000000,0.000000,0.000000
a2,O,-1.208000,-0.000000,-0.000000
a3,O,1.208000,-0.000000,-0.000000
