Atom id,Atom,x,y,z
a1,O,2.449300,1.794000,0.764400
a2,C,1.779200,1.025600,-0.236800
a3,C,2.095800,-0.470700,-0.048200
a4,H,2.719300,-0.620600,0.833200
a5,O,2.740400,-0.995900,-1.210500
a6,C,0.709200,-1.129900,0.150400
a7,H,0.648300,-2.076800,-0.386100
a8,O,0.426300,-1.314100,1.538900
a9,C,-0.242700,-0.078200,-0.474100
a10,H,-0.272700,-0.183500,-1.558600
a11,O,0.356600,1.181600,-0.102000
a12,C,-1.648200,-0.205400,0.116900
a13,H,-1.605000,-0.046700,1.194500
a14,O,-2.161600,-1.511600,-0.151900
a15,C,-2.564800,0.843100,-0.516600
a16,O,-3.844900,0.802200,0.117100
a17,H,2.290900,2.745800,0.701300
a18,H,2.097600,1.349800,-1.227500
a19,H,3.587800,-0.576700,-1.413500
a20,H,1.051300,-1.895000,1.994000
a21,H,-2.227800,-1.722100,-1.093400
a22,H,-2.127300,1.833200,-0.388300
a23,H,-2.678700,0.631300,-1.579800
a24,H,-4.478700,1.442000,-0.235000
