Atom id,Atom,x,y,z
a1,O,-0.000000,-0.058900,-0.000000
a2,H,-0.811000,0.467700,0.000000
a3,H,0.811000,0.467700,0.000000
